Country name,Regional indicator,year,Ladder score
Afghanistan,South Asia,2015,3.575
Afghanistan,South Asia,2016,3.36
Afghanistan,South Asia,2017,3.79399991
Afghanistan,South Asia,2018,3.632
Afghanistan,South Asia,2019,3.203
Afghanistan,South Asia,2020,2.566900015
Afghanistan,South Asia,2021,2.522900105
Afghanistan,South Asia,2022,2.403800011
Afghanistan,South Asia,2023,1.858999968
Afghanistan,South Asia,2024,1.720999956
Albania,Central and Eastern Europe,2015,4.959
Albania,Central and Eastern Europe,2016,4.655
Albania,Central and Eastern Europe,2017,4.644000053
Albania,Central and Eastern Europe,2018,4.586
Albania,Central and Eastern Europe,2019,4.719
Albania,Central and Eastern Europe,2020,4.882699966
Albania,Central and Eastern Europe,2021,5.117400169
Albania,Central and Eastern Europe,2022,5.198800087
Albania,Central and Eastern Europe,2023,5.277299881
Albania,Central and Eastern Europe,2024,5.304200172
Algeria,Middle East and North Africa,2015,5.605
Algeria,Middle East and North Africa,2016,6.355
Algeria,Middle East and North Africa,2017,5.872000217
Algeria,Middle East and North Africa,2018,5.295
Algeria,Middle East and North Africa,2019,5.211
Algeria,Middle East and North Africa,2020,5.005099773
Algeria,Middle East and North Africa,2021,4.88710022
Algeria,Middle East and North Africa,2022,5.122300148
Algeria,Middle East and North Africa,2023,5.329100132
Algeria,Middle East and North Africa,2024,5.363500118
Argentina,Latin America and Caribbean,2015,6.574
Argentina,Latin America and Caribbean,2016,6.65
Argentina,Latin America and Caribbean,2017,6.598999977
Argentina,Latin America and Caribbean,2018,6.388
Argentina,Latin America and Caribbean,2019,6.086
Argentina,Latin America and Caribbean,2020,5.974699974
Argentina,Latin America and Caribbean,2021,5.929299831
Argentina,Latin America and Caribbean,2022,5.967000008
Argentina,Latin America and Caribbean,2023,6.023700237
Argentina,Latin America and Caribbean,2024,6.188099861
Armenia,Commonwealth of Independent States,2015,4.35
Armenia,Commonwealth of Independent States,2016,4.36
Armenia,Commonwealth of Independent States,2017,4.375999928
Armenia,Commonwealth of Independent States,2018,4.321
Armenia,Commonwealth of Independent States,2019,4.559
Armenia,Commonwealth of Independent States,2020,4.676799774
Armenia,Commonwealth of Independent States,2021,5.282599926
Armenia,Commonwealth of Independent States,2022,5.398600101
Armenia,Commonwealth of Independent States,2023,5.341700077
Armenia,Commonwealth of Independent States,2024,5.454899788
Australia,North America and ANZ,2015,7.284
Australia,North America and ANZ,2016,7.313
Australia,North America and ANZ,2017,7.28399992
Australia,North America and ANZ,2018,7.272
Australia,North America and ANZ,2019,7.228
Australia,North America and ANZ,2020,7.222799778
Australia,North America and ANZ,2021,7.183499813
Australia,North America and ANZ,2022,7.162099838
Australia,North America and ANZ,2023,7.094600201
Australia,North America and ANZ,2024,7.056900024
Austria,Western Europe,2015,7.2
Austria,Western Europe,2016,7.119
Austria,Western Europe,2017,7.006000042
Austria,Western Europe,2018,7.139
Austria,Western Europe,2019,7.246
Austria,Western Europe,2020,7.294199944
Austria,Western Europe,2021,7.267799854
Austria,Western Europe,2022,7.163000107
Austria,Western Europe,2023,7.097300053
Austria,Western Europe,2024,6.904699802
Bangladesh,South Asia,2015,4.694
Bangladesh,South Asia,2016,4.643
Bangladesh,South Asia,2017,4.607999802
Bangladesh,South Asia,2018,4.5
Bangladesh,South Asia,2019,4.456
Bangladesh,South Asia,2020,4.832799911
Bangladesh,South Asia,2021,5.024600029
Bangladesh,South Asia,2022,5.155499935
Bangladesh,South Asia,2023,4.282100201
Bangladesh,South Asia,2024,3.885900021
Belgium,Western Europe,2015,6.937
Belgium,Western Europe,2016,6.929
Belgium,Western Europe,2017,6.890999794
Belgium,Western Europe,2018,6.927
Belgium,Western Europe,2019,6.923
Belgium,Western Europe,2020,6.863500118
Belgium,Western Europe,2021,6.834000111
Belgium,Western Europe,2022,6.804999828
Belgium,Western Europe,2023,6.859099865
Belgium,Western Europe,2024,6.894199848
Benin,Sub-Saharan Africa,2015,3.34
Benin,Sub-Saharan Africa,2016,3.484
Benin,Sub-Saharan Africa,2017,3.657000065
Benin,Sub-Saharan Africa,2018,4.141
Benin,Sub-Saharan Africa,2019,4.883
Benin,Sub-Saharan Africa,2020,5.21600008
Benin,Sub-Saharan Africa,2021,5.045199871
Benin,Sub-Saharan Africa,2022,4.62319994
Benin,Sub-Saharan Africa,2023,4.373700142
Benin,Sub-Saharan Africa,2024,4.377399921
Bolivia,Latin America and Caribbean,2015,5.89
Bolivia,Latin America and Caribbean,2016,5.822
Bolivia,Latin America and Caribbean,2017,5.822999954
Bolivia,Latin America and Caribbean,2018,5.752
Bolivia,Latin America and Caribbean,2019,5.779
Bolivia,Latin America and Caribbean,2020,5.747499943
Bolivia,Latin America and Caribbean,2021,5.715899944
Bolivia,Latin America and Caribbean,2022,5.600299835
Bolivia,Latin America and Caribbean,2023,5.684299946
Bolivia,Latin America and Caribbean,2024,5.78429985
Bosnia and Herzegovina,Central and Eastern Europe,2015,4.949
Bosnia and Herzegovina,Central and Eastern Europe,2016,5.163
Bosnia and Herzegovina,Central and Eastern Europe,2017,5.18200016
Bosnia and Herzegovina,Central and Eastern Europe,2018,5.129
Bosnia and Herzegovina,Central and Eastern Europe,2019,5.386
Bosnia and Herzegovina,Central and Eastern Europe,2020,5.674099922
Bosnia and Herzegovina,Central and Eastern Europe,2021,5.813099861
Bosnia and Herzegovina,Central and Eastern Europe,2022,5.768000126
Bosnia and Herzegovina,Central and Eastern Europe,2023,5.632500172
Bosnia and Herzegovina,Central and Eastern Europe,2024,5.876999855
Botswana,Sub-Saharan Africa,2015,4.332
Botswana,Sub-Saharan Africa,2016,3.974
Botswana,Sub-Saharan Africa,2017,3.766000032
Botswana,Sub-Saharan Africa,2018,3.59
Botswana,Sub-Saharan Africa,2019,3.488
Botswana,Sub-Saharan Africa,2020,3.478899956
Botswana,Sub-Saharan Africa,2021,3.466500044
Botswana,Sub-Saharan Africa,2022,3.471100092
Botswana,Sub-Saharan Africa,2023,3.435300112
Botswana,Sub-Saharan Africa,2024,3.383399963
Brazil,Latin America and Caribbean,2015,6.983
Brazil,Latin America and Caribbean,2016,6.952
Brazil,Latin America and Caribbean,2017,6.635000229
Brazil,Latin America and Caribbean,2018,6.419
Brazil,Latin America and Caribbean,2019,6.3
Brazil,Latin America and Caribbean,2020,6.375599861
Brazil,Latin America and Caribbean,2021,6.33010006
Brazil,Latin America and Caribbean,2022,6.29279995
Brazil,Latin America and Caribbean,2023,6.124599934
Brazil,Latin America and Caribbean,2024,6.271999836
Bulgaria,Central and Eastern Europe,2015,4.218
Bulgaria,Central and Eastern Europe,2016,4.217
Bulgaria,Central and Eastern Europe,2017,4.714000225
Bulgaria,Central and Eastern Europe,2018,4.933
Bulgaria,Central and Eastern Europe,2019,5.011
Bulgaria,Central and Eastern Europe,2020,5.101500034
Bulgaria,Central and Eastern Europe,2021,5.265500069
Bulgaria,Central and Eastern Europe,2022,5.370900154
Bulgaria,Central and Eastern Europe,2023,5.466100216
Bulgaria,Central and Eastern Europe,2024,5.46269989
Burkina Faso,Sub-Saharan Africa,2015,3.587
Burkina Faso,Sub-Saharan Africa,2016,3.739
Burkina Faso,Sub-Saharan Africa,2017,4.032000065
Burkina Faso,Sub-Saharan Africa,2018,4.424
Burkina Faso,Sub-Saharan Africa,2019,4.587
Burkina Faso,Sub-Saharan Africa,2020,4.768700123
Burkina Faso,Sub-Saharan Africa,2021,4.833799839
Burkina Faso,Sub-Saharan Africa,2022,4.670499802
Burkina Faso,Sub-Saharan Africa,2023,4.637599945
Burkina Faso,Sub-Saharan Africa,2024,4.547999859
Cambodia,Southeast Asia,2015,3.819
Cambodia,Southeast Asia,2016,3.907
Cambodia,Southeast Asia,2017,4.168000221
Cambodia,Southeast Asia,2018,4.433
Cambodia,Southeast Asia,2019,4.7
Cambodia,Southeast Asia,2020,4.848400116
Cambodia,Southeast Asia,2021,4.83039999
Cambodia,Southeast Asia,2022,4.640299797
Cambodia,Southeast Asia,2023,4.393499851
Cambodia,Southeast Asia,2024,4.34070015
Cameroon,Sub-Saharan Africa,2015,4.252
Cameroon,Sub-Saharan Africa,2016,4.513
Cameroon,Sub-Saharan Africa,2017,4.695000172
Cameroon,Sub-Saharan Africa,2018,4.975
Cameroon,Sub-Saharan Africa,2019,5.044
Cameroon,Sub-Saharan Africa,2020,5.084899902
Cameroon,Sub-Saharan Africa,2021,5.141799927
Cameroon,Sub-Saharan Africa,2022,5.047599792
Cameroon,Sub-Saharan Africa,2023,4.973199844
Cameroon,Sub-Saharan Africa,2024,4.874400139
Canada,North America and ANZ,2015,7.427
Canada,North America and ANZ,2016,7.404
Canada,North America and ANZ,2017,7.315999985
Canada,North America and ANZ,2018,7.328
Canada,North America and ANZ,2019,7.278
Canada,North America and ANZ,2020,7.23210001
Canada,North America and ANZ,2021,7.103300095
Canada,North America and ANZ,2022,7.025100231
Canada,North America and ANZ,2023,6.960700035
Canada,North America and ANZ,2024,6.899600029
Chad,Sub-Saharan Africa,2015,3.667
Chad,Sub-Saharan Africa,2016,3.763
Chad,Sub-Saharan Africa,2017,3.936000109
Chad,Sub-Saharan Africa,2018,4.301
Chad,Sub-Saharan Africa,2019,4.35
Chad,Sub-Saharan Africa,2020,4.422699928
Chad,Sub-Saharan Africa,2021,4.355400085
Chad,Sub-Saharan Africa,2022,4.250800133
Chad,Sub-Saharan Africa,2023,4.39659977
Chad,Sub-Saharan Africa,2024,4.471300125
Chile,Latin America and Caribbean,2015,6.67
Chile,Latin America and Caribbean,2016,6.705
Chile,Latin America and Caribbean,2017,6.65199995
Chile,Latin America and Caribbean,2018,6.476
Chile,Latin America and Caribbean,2019,6.444
Chile,Latin America and Caribbean,2020,6.228499889
Chile,Latin America and Caribbean,2021,6.171899796
Chile,Latin America and Caribbean,2022,6.171800137
Chile,Latin America and Caribbean,2023,6.333799839
Chile,Latin America and Caribbean,2024,6.360300064
China,East Asia,2015,5.14
China,East Asia,2016,5.245
China,East Asia,2017,5.272999763
China,East Asia,2018,5.246
China,East Asia,2019,5.191
China,East Asia,2020,5.123899937
China,East Asia,2021,5.339099884
China,East Asia,2022,5.585299969
China,East Asia,2023,5.817900181
China,East Asia,2024,5.972700119
Colombia,Latin America and Caribbean,2015,6.477
Colombia,Latin America and Caribbean,2016,6.481
Colombia,Latin America and Caribbean,2017,6.356999874
Colombia,Latin America and Caribbean,2018,6.26
Colombia,Latin America and Caribbean,2019,6.125
Colombia,Latin America and Caribbean,2020,6.163400173
Colombia,Latin America and Caribbean,2021,6.01240015
Colombia,Latin America and Caribbean,2022,5.780600071
Colombia,Latin America and Caribbean,2023,5.630400181
Colombia,Latin America and Caribbean,2024,5.695099831
Comoros,Sub-Saharan Africa,2015,3.956
Comoros,Sub-Saharan Africa,2016,3.956
Comoros,Sub-Saharan Africa,2019,3.973
Comoros,Sub-Saharan Africa,2020,4.288599968
Comoros,Sub-Saharan Africa,2021,4.288599968
Comoros,Sub-Saharan Africa,2022,4.60860014
Comoros,Sub-Saharan Africa,2023,3.545200109
Comoros,Sub-Saharan Africa,2024,3.566299915
Costa Rica,Latin America and Caribbean,2015,7.226
Costa Rica,Latin America and Caribbean,2016,7.087
Costa Rica,Latin America and Caribbean,2017,7.078999996
Costa Rica,Latin America and Caribbean,2018,7.072
Costa Rica,Latin America and Caribbean,2019,7.167
Costa Rica,Latin America and Caribbean,2020,7.121399879
Costa Rica,Latin America and Caribbean,2021,7.069399834
Costa Rica,Latin America and Caribbean,2022,6.581999779
Costa Rica,Latin America and Caribbean,2023,6.608500004
Costa Rica,Latin America and Caribbean,2024,6.95539999
Croatia,Central and Eastern Europe,2015,5.759
Croatia,Central and Eastern Europe,2016,5.488
Croatia,Central and Eastern Europe,2017,5.293000221
Croatia,Central and Eastern Europe,2018,5.321
Croatia,Central and Eastern Europe,2019,5.432
Croatia,Central and Eastern Europe,2020,5.504700184
Croatia,Central and Eastern Europe,2021,5.881700039
Croatia,Central and Eastern Europe,2022,6.125199795
Croatia,Central and Eastern Europe,2023,6.125
Croatia,Central and Eastern Europe,2024,5.942299843
Cyprus,Western Europe,2015,5.689
Cyprus,Western Europe,2016,5.546
Cyprus,Western Europe,2017,5.620999813
Cyprus,Western Europe,2018,5.762
Cyprus,Western Europe,2019,6.046
Cyprus,Western Europe,2020,6.15899992
Cyprus,Western Europe,2021,6.223499775
Cyprus,Western Europe,2022,6.220900059
Cyprus,Western Europe,2023,6.130000114
Cyprus,Western Europe,2024,6.068099976
Czechia,Central and Eastern Europe,2015,6.505
Czechia,Central and Eastern Europe,2016,6.596
Czechia,Central and Eastern Europe,2017,6.609000206
Czechia,Central and Eastern Europe,2018,6.711
Czechia,Central and Eastern Europe,2019,6.852
Czechia,Central and Eastern Europe,2020,6.910900116
Czechia,Central and Eastern Europe,2021,6.964700222
Czechia,Central and Eastern Europe,2022,6.919799805
Czechia,Central and Eastern Europe,2023,6.845200062
Czechia,Central and Eastern Europe,2024,6.821800232
Denmark,Western Europe,2015,7.527
Denmark,Western Europe,2016,7.526
Denmark,Western Europe,2017,7.521999836
Denmark,Western Europe,2018,7.555
Denmark,Western Europe,2019,7.6
Denmark,Western Europe,2020,7.645599842
Denmark,Western Europe,2021,7.61950016
Denmark,Western Europe,2022,7.636199951
Denmark,Western Europe,2023,7.586400032
Denmark,Western Europe,2024,7.582699776
Dominican Republic,Latin America and Caribbean,2015,4.885
Dominican Republic,Latin America and Caribbean,2016,5.155
Dominican Republic,Latin America and Caribbean,2017,5.230000019
Dominican Republic,Latin America and Caribbean,2018,5.302
Dominican Republic,Latin America and Caribbean,2019,5.425
Dominican Republic,Latin America and Caribbean,2020,5.689199924
Dominican Republic,Latin America and Caribbean,2021,5.545100212
Dominican Republic,Latin America and Caribbean,2022,5.737199783
Dominican Republic,Latin America and Caribbean,2023,5.568900108
Dominican Republic,Latin America and Caribbean,2024,5.822800159
Ecuador,Latin America and Caribbean,2015,5.975
Ecuador,Latin America and Caribbean,2016,5.976
Ecuador,Latin America and Caribbean,2017,6.007999897
Ecuador,Latin America and Caribbean,2018,5.973
Ecuador,Latin America and Caribbean,2019,6.028
Ecuador,Latin America and Caribbean,2020,5.925199986
Ecuador,Latin America and Caribbean,2021,5.763999939
Ecuador,Latin America and Caribbean,2022,5.533299923
Ecuador,Latin America and Caribbean,2023,5.558899879
Ecuador,Latin America and Caribbean,2024,5.724500179
Egypt,Middle East and North Africa,2015,4.194
Egypt,Middle East and North Africa,2016,4.362
Egypt,Middle East and North Africa,2017,4.735000134
Egypt,Middle East and North Africa,2018,4.419
Egypt,Middle East and North Africa,2019,4.166
Egypt,Middle East and North Africa,2020,4.151400089
Egypt,Middle East and North Africa,2021,4.282700062
Egypt,Middle East and North Africa,2022,4.287700176
Egypt,Middle East and North Africa,2023,4.170499802
Egypt,Middle East and North Africa,2024,3.976599932
El Salvador,Latin America and Caribbean,2015,6.13
El Salvador,Latin America and Caribbean,2016,6.068
El Salvador,Latin America and Caribbean,2017,6.002999783
El Salvador,Latin America and Caribbean,2018,6.167
El Salvador,Latin America and Caribbean,2019,6.253
El Salvador,Latin America and Caribbean,2020,6.34829998
El Salvador,Latin America and Caribbean,2021,6.060500145
El Salvador,Latin America and Caribbean,2022,6.119999886
El Salvador,Latin America and Caribbean,2023,6.121600151
El Salvador,Latin America and Caribbean,2024,6.468699932
Estonia,Central and Eastern Europe,2015,5.429
Estonia,Central and Eastern Europe,2016,5.517
Estonia,Central and Eastern Europe,2017,5.611000061
Estonia,Central and Eastern Europe,2018,5.739
Estonia,Central and Eastern Europe,2019,5.893
Estonia,Central and Eastern Europe,2020,6.021800041
Estonia,Central and Eastern Europe,2021,6.188799858
Estonia,Central and Eastern Europe,2022,6.340799809
Estonia,Central and Eastern Europe,2023,6.455200195
Estonia,Central and Eastern Europe,2024,6.447700024
Ethiopia,Sub-Saharan Africa,2015,4.512
Ethiopia,Sub-Saharan Africa,2016,4.508
Ethiopia,Sub-Saharan Africa,2017,4.460000038
Ethiopia,Sub-Saharan Africa,2018,4.35
Ethiopia,Sub-Saharan Africa,2019,4.286
Ethiopia,Sub-Saharan Africa,2020,4.186200142
Ethiopia,Sub-Saharan Africa,2021,4.274700165
Ethiopia,Sub-Saharan Africa,2022,4.241499901
Ethiopia,Sub-Saharan Africa,2023,4.090600014
Ethiopia,Sub-Saharan Africa,2024,3.860899925
Finland,Western Europe,2015,7.406
Finland,Western Europe,2016,7.413
Finland,Western Europe,2017,7.468999863
Finland,Western Europe,2018,7.632
Finland,Western Europe,2019,7.769
Finland,Western Europe,2020,7.808700085
Finland,Western Europe,2021,7.842100143
Finland,Western Europe,2022,7.821000099
Finland,Western Europe,2023,7.804200172
Finland,Western Europe,2024,7.740699768
France,Western Europe,2015,6.575
France,Western Europe,2016,6.478
France,Western Europe,2017,6.441999912
France,Western Europe,2018,6.489
France,Western Europe,2019,6.592
France,Western Europe,2020,6.663799763
France,Western Europe,2021,6.689899921
France,Western Europe,2022,6.686699867
France,Western Europe,2023,6.661300182
France,Western Europe,2024,6.609000206
Gabon,Sub-Saharan Africa,2015,3.896
Gabon,Sub-Saharan Africa,2016,4.121
Gabon,Sub-Saharan Africa,2017,4.465000153
Gabon,Sub-Saharan Africa,2018,4.758
Gabon,Sub-Saharan Africa,2019,4.799
Gabon,Sub-Saharan Africa,2020,4.829299927
Gabon,Sub-Saharan Africa,2021,4.851799965
Gabon,Sub-Saharan Africa,2022,4.958300114
Gabon,Sub-Saharan Africa,2023,5.034699917
Gabon,Sub-Saharan Africa,2024,5.106299877
Gambia,Sub-Saharan Africa,2019,4.516
Gambia,Sub-Saharan Africa,2020,4.750599861
Gambia,Sub-Saharan Africa,2021,5.051000118
Gambia,Sub-Saharan Africa,2022,5.163599968
Gambia,Sub-Saharan Africa,2023,4.279399872
Gambia,Sub-Saharan Africa,2024,4.484899998
Georgia,Commonwealth of Independent States,2015,4.297
Georgia,Commonwealth of Independent States,2016,4.252
Georgia,Commonwealth of Independent States,2017,4.285999775
Georgia,Commonwealth of Independent States,2018,4.34
Georgia,Commonwealth of Independent States,2019,4.519
Georgia,Commonwealth of Independent States,2020,4.672599792
Georgia,Commonwealth of Independent States,2021,4.89139986
Georgia,Commonwealth of Independent States,2022,4.973199844
Georgia,Commonwealth of Independent States,2023,5.109099865
Georgia,Commonwealth of Independent States,2024,5.184700012
Germany,Western Europe,2015,6.75
Germany,Western Europe,2016,6.994
Germany,Western Europe,2017,6.951000214
Germany,Western Europe,2018,6.965
Germany,Western Europe,2019,6.985
Germany,Western Europe,2020,7.075799942
Germany,Western Europe,2021,7.154500008
Germany,Western Europe,2022,7.034100056
Germany,Western Europe,2023,6.891799927
Germany,Western Europe,2024,6.718500137
Ghana,Sub-Saharan Africa,2015,4.633
Ghana,Sub-Saharan Africa,2016,4.276
Ghana,Sub-Saharan Africa,2017,4.119999886
Ghana,Sub-Saharan Africa,2018,4.657
Ghana,Sub-Saharan Africa,2019,4.996
Ghana,Sub-Saharan Africa,2020,5.147999763
Ghana,Sub-Saharan Africa,2021,5.088399887
Ghana,Sub-Saharan Africa,2022,4.872000217
Ghana,Sub-Saharan Africa,2023,4.605000019
Ghana,Sub-Saharan Africa,2024,4.289400101
Greece,Western Europe,2015,4.857
Greece,Western Europe,2016,5.033
Greece,Western Europe,2017,5.227000237
Greece,Western Europe,2018,5.358
Greece,Western Europe,2019,5.287
Greece,Western Europe,2020,5.514999866
Greece,Western Europe,2021,5.722599983
Greece,Western Europe,2022,5.948200226
Greece,Western Europe,2023,5.930900097
Greece,Western Europe,2024,5.933599949
Guatemala,Latin America and Caribbean,2015,6.123
Guatemala,Latin America and Caribbean,2016,6.324
Guatemala,Latin America and Caribbean,2017,6.453999996
Guatemala,Latin America and Caribbean,2018,6.382
Guatemala,Latin America and Caribbean,2019,6.436
Guatemala,Latin America and Caribbean,2020,6.398900032
Guatemala,Latin America and Caribbean,2021,6.434500217
Guatemala,Latin America and Caribbean,2022,6.262199879
Guatemala,Latin America and Caribbean,2023,6.150300026
Guatemala,Latin America and Caribbean,2024,6.287000179
Guinea,Sub-Saharan Africa,2015,3.656
Guinea,Sub-Saharan Africa,2016,3.607
Guinea,Sub-Saharan Africa,2017,3.506999969
Guinea,Sub-Saharan Africa,2018,3.964
Guinea,Sub-Saharan Africa,2019,4.534
Guinea,Sub-Saharan Africa,2020,4.949299812
Guinea,Sub-Saharan Africa,2021,4.984300137
Guinea,Sub-Saharan Africa,2022,4.890500069
Guinea,Sub-Saharan Africa,2023,5.071700096
Guinea,Sub-Saharan Africa,2024,5.023300171
Honduras,Latin America and Caribbean,2015,4.788
Honduras,Latin America and Caribbean,2016,4.871
Honduras,Latin America and Caribbean,2017,5.181000233
Honduras,Latin America and Caribbean,2018,5.504
Honduras,Latin America and Caribbean,2019,5.86
Honduras,Latin America and Caribbean,2020,5.953199863
Honduras,Latin America and Caribbean,2021,5.919199944
Honduras,Latin America and Caribbean,2022,6.022099972
Honduras,Latin America and Caribbean,2023,6.022500038
Honduras,Latin America and Caribbean,2024,5.968400002
Hong Kong S.A.R. of China,East Asia,2020,5.510399818
Hong Kong S.A.R. of China,East Asia,2021,5.476699829
Hong Kong S.A.R. of China,East Asia,2022,5.424799919
Hong Kong S.A.R. of China,East Asia,2023,5.308499813
Hong Kong S.A.R. of China,East Asia,2024,5.316400051
Hungary,Central and Eastern Europe,2015,4.8
Hungary,Central and Eastern Europe,2016,5.145
Hungary,Central and Eastern Europe,2017,5.323999882
Hungary,Central and Eastern Europe,2018,5.62
Hungary,Central and Eastern Europe,2019,5.758
Hungary,Central and Eastern Europe,2020,6.000400066
Hungary,Central and Eastern Europe,2021,5.991600037
Hungary,Central and Eastern Europe,2022,6.08589983
Hungary,Central and Eastern Europe,2023,6.041200161
Hungary,Central and Eastern Europe,2024,6.016900063
Iceland,Western Europe,2015,7.561
Iceland,Western Europe,2016,7.501
Iceland,Western Europe,2017,7.504000187
Iceland,Western Europe,2018,7.495
Iceland,Western Europe,2019,7.494
Iceland,Western Europe,2020,7.504499912
Iceland,Western Europe,2021,7.553899765
Iceland,Western Europe,2022,7.557499886
Iceland,Western Europe,2023,7.529600143
Iceland,Western Europe,2024,7.525100231
India,South Asia,2015,4.565
India,South Asia,2016,4.404
India,South Asia,2017,4.315000057
India,South Asia,2018,4.19
India,South Asia,2019,4.015
India,South Asia,2020,3.573299885
India,South Asia,2021,3.818900108
India,South Asia,2022,3.777100086
India,South Asia,2023,4.03579998
India,South Asia,2024,4.054100037
Indonesia,Southeast Asia,2015,5.399
Indonesia,Southeast Asia,2016,5.314
Indonesia,Southeast Asia,2017,5.262000084
Indonesia,Southeast Asia,2018,5.093
Indonesia,Southeast Asia,2019,5.192
Indonesia,Southeast Asia,2020,5.285600185
Indonesia,Southeast Asia,2021,5.344500065
Indonesia,Southeast Asia,2022,5.239600182
Indonesia,Southeast Asia,2023,5.276899815
Indonesia,Southeast Asia,2024,5.56829977
Iran,Middle East and North Africa,2015,4.686
Iran,Middle East and North Africa,2016,4.813
Iran,Middle East and North Africa,2017,4.691999912
Iran,Middle East and North Africa,2018,4.707
Iran,Middle East and North Africa,2019,4.548
Iran,Middle East and North Africa,2020,4.672399998
Iran,Middle East and North Africa,2021,4.721199989
Iran,Middle East and North Africa,2022,4.887899876
Iran,Middle East and North Africa,2023,4.876299858
Iran,Middle East and North Africa,2024,4.922800064
Iraq,Middle East and North Africa,2015,4.677
Iraq,Middle East and North Africa,2016,4.575
Iraq,Middle East and North Africa,2017,4.497000217
Iraq,Middle East and North Africa,2018,4.456
Iraq,Middle East and North Africa,2019,4.437
Iraq,Middle East and North Africa,2020,4.784800053
Iraq,Middle East and North Africa,2021,4.854100227
Iraq,Middle East and North Africa,2022,4.940899849
Iraq,Middle East and North Africa,2023,4.940899849
Iraq,Middle East and North Africa,2024,5.165999889
Ireland,Western Europe,2015,6.94
Ireland,Western Europe,2016,6.907
Ireland,Western Europe,2017,6.977000237
Ireland,Western Europe,2018,6.977
Ireland,Western Europe,2019,7.021
Ireland,Western Europe,2020,7.093699932
Ireland,Western Europe,2021,7.085299969
Ireland,Western Europe,2022,7.040800095
Ireland,Western Europe,2023,6.91079998
Ireland,Western Europe,2024,6.837999821
Israel,Middle East and North Africa,2015,7.278
Israel,Middle East and North Africa,2016,7.267
Israel,Middle East and North Africa,2017,7.212999821
Israel,Middle East and North Africa,2018,6.814
Israel,Middle East and North Africa,2019,7.139
Israel,Middle East and North Africa,2020,7.128600121
Israel,Middle East and North Africa,2021,7.157100201
Israel,Middle East and North Africa,2022,7.363800049
Israel,Middle East and North Africa,2023,7.472899914
Israel,Middle East and North Africa,2024,7.341100216
Italy,Western Europe,2015,5.948
Italy,Western Europe,2016,5.977
Italy,Western Europe,2017,5.964000225
Italy,Western Europe,2018,6
Italy,Western Europe,2019,6.223
Italy,Western Europe,2020,6.38740015
Italy,Western Europe,2021,6.483099937
Italy,Western Europe,2022,6.466700077
Italy,Western Europe,2023,6.404500008
Italy,Western Europe,2024,6.323500156
Ivory Coast,Sub-Saharan Africa,2015,3.655
Ivory Coast,Sub-Saharan Africa,2016,3.916
Ivory Coast,Sub-Saharan Africa,2017,4.179999828
Ivory Coast,Sub-Saharan Africa,2018,4.671
Ivory Coast,Sub-Saharan Africa,2019,4.944
Ivory Coast,Sub-Saharan Africa,2020,5.233300209
Ivory Coast,Sub-Saharan Africa,2021,5.306000233
Ivory Coast,Sub-Saharan Africa,2022,5.234600067
Ivory Coast,Sub-Saharan Africa,2023,5.052700043
Ivory Coast,Sub-Saharan Africa,2024,5.08010006
Jamaica,Latin America and Caribbean,2015,5.709
Jamaica,Latin America and Caribbean,2016,5.51
Jamaica,Latin America and Caribbean,2017,5.31099987
Jamaica,Latin America and Caribbean,2018,5.89
Jamaica,Latin America and Caribbean,2019,5.89
Jamaica,Latin America and Caribbean,2020,5.889800072
Jamaica,Latin America and Caribbean,2021,6.30919981
Jamaica,Latin America and Caribbean,2022,5.849599838
Jamaica,Latin America and Caribbean,2023,5.702700138
Jamaica,Latin America and Caribbean,2024,5.841700077
Japan,East Asia,2015,5.987
Japan,East Asia,2016,5.921
Japan,East Asia,2017,5.920000076
Japan,East Asia,2018,5.915
Japan,East Asia,2019,5.886
Japan,East Asia,2020,5.870800018
Japan,East Asia,2021,5.940499783
Japan,East Asia,2022,6.038899899
Japan,East Asia,2023,6.129000187
Japan,East Asia,2024,6.059800148
Jordan,Middle East and North Africa,2015,5.192
Jordan,Middle East and North Africa,2016,5.303
Jordan,Middle East and North Africa,2017,5.335999966
Jordan,Middle East and North Africa,2018,5.161
Jordan,Middle East and North Africa,2019,4.906
Jordan,Middle East and North Africa,2020,4.633399963
Jordan,Middle East and North Africa,2021,4.394599915
Jordan,Middle East and North Africa,2022,4.152100086
Jordan,Middle East and North Africa,2023,4.119800091
Jordan,Middle East and North Africa,2024,4.185800076
Kazakhstan,Commonwealth of Independent States,2015,5.855
Kazakhstan,Commonwealth of Independent States,2016,5.919
Kazakhstan,Commonwealth of Independent States,2017,5.818999767
Kazakhstan,Commonwealth of Independent States,2018,5.79
Kazakhstan,Commonwealth of Independent States,2019,5.809
Kazakhstan,Commonwealth of Independent States,2020,6.057899952
Kazakhstan,Commonwealth of Independent States,2021,6.151800156
Kazakhstan,Commonwealth of Independent States,2022,6.234099865
Kazakhstan,Commonwealth of Independent States,2023,6.143899918
Kazakhstan,Commonwealth of Independent States,2024,6.1875
Kenya,Sub-Saharan Africa,2015,4.419
Kenya,Sub-Saharan Africa,2016,4.356
Kenya,Sub-Saharan Africa,2017,4.552999973
Kenya,Sub-Saharan Africa,2018,4.41
Kenya,Sub-Saharan Africa,2019,4.509
Kenya,Sub-Saharan Africa,2020,4.583000183
Kenya,Sub-Saharan Africa,2021,4.606599808
Kenya,Sub-Saharan Africa,2022,4.543000221
Kenya,Sub-Saharan Africa,2023,4.486599922
Kenya,Sub-Saharan Africa,2024,4.469600201
Korea,East Asia,2015,5.984
Korea,East Asia,2016,5.835
Korea,East Asia,2017,5.837999821
Korea,East Asia,2018,5.875
Korea,East Asia,2019,5.895
Korea,East Asia,2020,5.872399807
Korea,East Asia,2021,5.845499992
Korea,East Asia,2022,5.935100079
Korea,East Asia,2023,5.951099873
Korea,East Asia,2024,6.057899952
Kosovo,Central and Eastern Europe,2015,5.589
Kosovo,Central and Eastern Europe,2016,5.401
Kosovo,Central and Eastern Europe,2017,5.278999805
Kosovo,Central and Eastern Europe,2018,5.662
Kosovo,Central and Eastern Europe,2019,6.1
Kosovo,Central and Eastern Europe,2020,6.325200081
Kosovo,Central and Eastern Europe,2021,6.372000217
Kosovo,Central and Eastern Europe,2022,6.45510006
Kosovo,Central and Eastern Europe,2023,6.367599964
Kosovo,Central and Eastern Europe,2024,6.56099987
Kyrgyzstan,Commonwealth of Independent States,2015,5.286
Kyrgyzstan,Commonwealth of Independent States,2016,5.185
Kyrgyzstan,Commonwealth of Independent States,2017,5.004000187
Kyrgyzstan,Commonwealth of Independent States,2018,5.131
Kyrgyzstan,Commonwealth of Independent States,2019,5.261
Kyrgyzstan,Commonwealth of Independent States,2020,5.541500092
Kyrgyzstan,Commonwealth of Independent States,2021,5.743599892
Kyrgyzstan,Commonwealth of Independent States,2022,5.828499794
Kyrgyzstan,Commonwealth of Independent States,2023,5.825300217
Kyrgyzstan,Commonwealth of Independent States,2024,5.713500023
Laos,Southeast Asia,2015,4.876
Laos,Southeast Asia,2016,4.876
Laos,Southeast Asia,2018,4.623
Laos,Southeast Asia,2019,4.796
Laos,Southeast Asia,2020,4.888599873
Laos,Southeast Asia,2021,5.03000021
Laos,Southeast Asia,2022,5.140299797
Laos,Southeast Asia,2023,5.11070013
Laos,Southeast Asia,2024,5.138899803
Latvia,Central and Eastern Europe,2015,5.098
Latvia,Central and Eastern Europe,2016,5.56
Latvia,Central and Eastern Europe,2017,5.849999905
Latvia,Central and Eastern Europe,2018,5.933
Latvia,Central and Eastern Europe,2019,5.94
Latvia,Central and Eastern Europe,2020,5.949999809
Latvia,Central and Eastern Europe,2021,6.032000065
Latvia,Central and Eastern Europe,2022,6.180399895
Latvia,Central and Eastern Europe,2023,6.21269989
Latvia,Central and Eastern Europe,2024,6.234499931
Lebanon,Middle East and North Africa,2015,4.839
Lebanon,Middle East and North Africa,2016,5.129
Lebanon,Middle East and North Africa,2017,5.224999905
Lebanon,Middle East and North Africa,2018,5.358
Lebanon,Middle East and North Africa,2019,5.197
Lebanon,Middle East and North Africa,2020,4.771500111
Lebanon,Middle East and North Africa,2021,4.583799839
Lebanon,Middle East and North Africa,2022,2.955300093
Lebanon,Middle East and North Africa,2023,2.392199993
Lebanon,Middle East and North Africa,2024,2.706500053
Liberia,Sub-Saharan Africa,2015,4.571
Liberia,Sub-Saharan Africa,2016,3.622
Liberia,Sub-Saharan Africa,2017,3.532999992
Liberia,Sub-Saharan Africa,2018,3.495
Liberia,Sub-Saharan Africa,2019,3.975
Liberia,Sub-Saharan Africa,2020,4.557899952
Liberia,Sub-Saharan Africa,2021,4.625199795
Liberia,Sub-Saharan Africa,2022,5.121500015
Liberia,Sub-Saharan Africa,2023,4.042300224
Liberia,Sub-Saharan Africa,2024,4.268599987
Lithuania,Central and Eastern Europe,2015,5.833
Lithuania,Central and Eastern Europe,2016,5.813
Lithuania,Central and Eastern Europe,2017,5.90199995
Lithuania,Central and Eastern Europe,2018,5.952
Lithuania,Central and Eastern Europe,2019,6.149
Lithuania,Central and Eastern Europe,2020,6.215499878
Lithuania,Central and Eastern Europe,2021,6.255400181
Lithuania,Central and Eastern Europe,2022,6.445600033
Lithuania,Central and Eastern Europe,2023,6.763000011
Lithuania,Central and Eastern Europe,2024,6.817500114
Luxembourg,Western Europe,2015,6.946
Luxembourg,Western Europe,2016,6.871
Luxembourg,Western Europe,2017,6.862999916
Luxembourg,Western Europe,2018,6.91
Luxembourg,Western Europe,2019,7.09
Luxembourg,Western Europe,2020,7.237500191
Luxembourg,Western Europe,2021,7.324399948
Luxembourg,Western Europe,2022,7.403999805
Luxembourg,Western Europe,2023,7.227900028
Luxembourg,Western Europe,2024,7.121900082
Madagascar,Sub-Saharan Africa,2015,3.681
Madagascar,Sub-Saharan Africa,2016,3.695
Madagascar,Sub-Saharan Africa,2017,3.644000053
Madagascar,Sub-Saharan Africa,2018,3.774
Madagascar,Sub-Saharan Africa,2019,3.933
Madagascar,Sub-Saharan Africa,2020,4.165599823
Madagascar,Sub-Saharan Africa,2021,4.208499908
Madagascar,Sub-Saharan Africa,2022,4.339099884
Madagascar,Sub-Saharan Africa,2023,4.019100189
Madagascar,Sub-Saharan Africa,2024,4.227900028
Malawi,Sub-Saharan Africa,2015,4.292
Malawi,Sub-Saharan Africa,2016,4.156
Malawi,Sub-Saharan Africa,2017,3.970000029
Malawi,Sub-Saharan Africa,2018,3.587
Malawi,Sub-Saharan Africa,2019,3.41
Malawi,Sub-Saharan Africa,2020,3.538000107
Malawi,Sub-Saharan Africa,2021,3.599999905
Malawi,Sub-Saharan Africa,2022,3.750400066
Malawi,Sub-Saharan Africa,2023,3.495199919
Malawi,Sub-Saharan Africa,2024,3.421000004
Malaysia,Southeast Asia,2015,5.77
Malaysia,Southeast Asia,2016,6.005
Malaysia,Southeast Asia,2017,6.084000111
Malaysia,Southeast Asia,2018,6.322
Malaysia,Southeast Asia,2019,5.339
Malaysia,Southeast Asia,2020,5.384300232
Malaysia,Southeast Asia,2021,5.384300232
Malaysia,Southeast Asia,2022,5.711299896
Malaysia,Southeast Asia,2023,6.012300014
Malaysia,Southeast Asia,2024,5.975200176
Mali,Sub-Saharan Africa,2015,3.995
Mali,Sub-Saharan Africa,2016,4.073
Mali,Sub-Saharan Africa,2017,4.190000057
Mali,Sub-Saharan Africa,2018,4.447
Mali,Sub-Saharan Africa,2019,4.39
Mali,Sub-Saharan Africa,2020,4.729300022
Mali,Sub-Saharan Africa,2021,4.723499775
Mali,Sub-Saharan Africa,2022,4.479000092
Mali,Sub-Saharan Africa,2023,4.197800159
Mali,Sub-Saharan Africa,2024,4.231999874
Malta,Western Europe,2015,6.302
Malta,Western Europe,2016,6.488
Malta,Western Europe,2017,6.52699995
Malta,Western Europe,2018,6.627
Malta,Western Europe,2019,6.726
Malta,Western Europe,2020,6.772799969
Malta,Western Europe,2021,6.602000237
Malta,Western Europe,2022,6.446899891
Malta,Western Europe,2023,6.299900055
Malta,Western Europe,2024,6.345799923
Mauritania,Sub-Saharan Africa,2015,4.436
Mauritania,Sub-Saharan Africa,2016,4.201
Mauritania,Sub-Saharan Africa,2017,4.291999817
Mauritania,Sub-Saharan Africa,2018,4.356
Mauritania,Sub-Saharan Africa,2019,4.49
Mauritania,Sub-Saharan Africa,2020,4.374599934
Mauritania,Sub-Saharan Africa,2021,4.227399826
Mauritania,Sub-Saharan Africa,2022,4.152599812
Mauritania,Sub-Saharan Africa,2023,4.723899841
Mauritania,Sub-Saharan Africa,2024,4.505099773
Mauritius,Sub-Saharan Africa,2015,5.477
Mauritius,Sub-Saharan Africa,2016,5.648
Mauritius,Sub-Saharan Africa,2017,5.629000187
Mauritius,Sub-Saharan Africa,2018,5.891
Mauritius,Sub-Saharan Africa,2019,5.888
Mauritius,Sub-Saharan Africa,2020,6.101299763
Mauritius,Sub-Saharan Africa,2021,6.048999786
Mauritius,Sub-Saharan Africa,2022,6.071100235
Mauritius,Sub-Saharan Africa,2023,5.902299881
Mauritius,Sub-Saharan Africa,2024,5.816400051
Mexico,Latin America and Caribbean,2015,7.187
Mexico,Latin America and Caribbean,2016,6.778
Mexico,Latin America and Caribbean,2017,6.578000069
Mexico,Latin America and Caribbean,2018,6.488
Mexico,Latin America and Caribbean,2019,6.595
Mexico,Latin America and Caribbean,2020,6.465000153
Mexico,Latin America and Caribbean,2021,6.316800117
Mexico,Latin America and Caribbean,2022,6.127600193
Mexico,Latin America and Caribbean,2023,6.329500198
Mexico,Latin America and Caribbean,2024,6.677999973
Moldova,Commonwealth of Independent States,2015,5.889
Moldova,Commonwealth of Independent States,2016,5.897
Moldova,Commonwealth of Independent States,2017,5.837999821
Moldova,Commonwealth of Independent States,2018,5.64
Moldova,Commonwealth of Independent States,2019,5.529
Moldova,Commonwealth of Independent States,2020,5.607500076
Moldova,Commonwealth of Independent States,2021,5.76639986
Moldova,Commonwealth of Independent States,2022,5.856800079
Moldova,Commonwealth of Independent States,2023,5.819200039
Moldova,Commonwealth of Independent States,2024,5.815899849
Mongolia,East Asia,2015,4.874
Mongolia,East Asia,2016,4.907
Mongolia,East Asia,2017,4.954999924
Mongolia,East Asia,2018,5.125
Mongolia,East Asia,2019,5.285
Mongolia,East Asia,2020,5.456200123
Mongolia,East Asia,2021,5.677199841
Mongolia,East Asia,2022,5.760700226
Mongolia,East Asia,2023,5.840199947
Mongolia,East Asia,2024,5.696199894
Montenegro,Central and Eastern Europe,2015,5.192
Montenegro,Central and Eastern Europe,2016,5.161
Montenegro,Central and Eastern Europe,2017,5.236999989
Montenegro,Central and Eastern Europe,2018,5.347
Montenegro,Central and Eastern Europe,2019,5.523
Montenegro,Central and Eastern Europe,2020,5.54610014
Montenegro,Central and Eastern Europe,2021,5.580500126
Montenegro,Central and Eastern Europe,2022,5.546800137
Montenegro,Central and Eastern Europe,2023,5.722199917
Montenegro,Central and Eastern Europe,2024,5.706999779
Morocco,Middle East and North Africa,2015,5.013
Morocco,Middle East and North Africa,2016,5.151
Morocco,Middle East and North Africa,2017,5.235000134
Morocco,Middle East and North Africa,2018,5.254
Morocco,Middle East and North Africa,2019,5.208
Morocco,Middle East and North Africa,2020,5.094799995
Morocco,Middle East and North Africa,2021,4.918000221
Morocco,Middle East and North Africa,2022,5.059899807
Morocco,Middle East and North Africa,2023,4.902800083
Morocco,Middle East and North Africa,2024,4.794700146
Mozambique,Sub-Saharan Africa,2015,4.971
Mozambique,Sub-Saharan Africa,2017,4.550000191
Mozambique,Sub-Saharan Africa,2018,4.417
Mozambique,Sub-Saharan Africa,2019,4.466
Mozambique,Sub-Saharan Africa,2020,4.623600006
Mozambique,Sub-Saharan Africa,2021,4.794499874
Mozambique,Sub-Saharan Africa,2022,5.048299789
Mozambique,Sub-Saharan Africa,2023,4.953999996
Mozambique,Sub-Saharan Africa,2024,5.216400146
Myanmar,Southeast Asia,2015,4.307
Myanmar,Southeast Asia,2016,4.395
Myanmar,Southeast Asia,2017,4.545000076
Myanmar,Southeast Asia,2018,4.308
Myanmar,Southeast Asia,2019,4.36
Myanmar,Southeast Asia,2020,4.308000088
Myanmar,Southeast Asia,2021,4.425799847
Myanmar,Southeast Asia,2022,4.394199848
Myanmar,Southeast Asia,2023,4.372499943
Myanmar,Southeast Asia,2024,4.354499817
Namibia,Sub-Saharan Africa,2016,4.574
Namibia,Sub-Saharan Africa,2017,4.573999882
Namibia,Sub-Saharan Africa,2018,4.441
Namibia,Sub-Saharan Africa,2019,4.639
Namibia,Sub-Saharan Africa,2020,4.571100235
Namibia,Sub-Saharan Africa,2021,4.574100018
Namibia,Sub-Saharan Africa,2022,4.459400177
Namibia,Sub-Saharan Africa,2023,4.63079977
Namibia,Sub-Saharan Africa,2024,4.831699848
Nepal,South Asia,2015,4.514
Nepal,South Asia,2016,4.793
Nepal,South Asia,2017,4.961999893
Nepal,South Asia,2018,4.88
Nepal,South Asia,2019,4.913
Nepal,South Asia,2020,5.137199879
Nepal,South Asia,2021,5.268899918
Nepal,South Asia,2022,5.37650013
Nepal,South Asia,2023,5.360300064
Nepal,South Asia,2024,5.158400059
Netherlands,Western Europe,2015,7.378
Netherlands,Western Europe,2016,7.339
Netherlands,Western Europe,2017,7.376999855
Netherlands,Western Europe,2018,7.441
Netherlands,Western Europe,2019,7.488
Netherlands,Western Europe,2020,7.448900223
Netherlands,Western Europe,2021,7.464000225
Netherlands,Western Europe,2022,7.414899826
Netherlands,Western Europe,2023,7.402999878
Netherlands,Western Europe,2024,7.319399834
New Zealand,North America and ANZ,2015,7.286
New Zealand,North America and ANZ,2016,7.334
New Zealand,North America and ANZ,2017,7.31400013
New Zealand,North America and ANZ,2018,7.324
New Zealand,North America and ANZ,2019,7.307
New Zealand,North America and ANZ,2020,7.299600124
New Zealand,North America and ANZ,2021,7.276599884
New Zealand,North America and ANZ,2022,7.199800014
New Zealand,North America and ANZ,2023,7.122900009
New Zealand,North America and ANZ,2024,7.029200077
Nicaragua,Latin America and Caribbean,2015,5.828
Nicaragua,Latin America and Caribbean,2016,5.992
Nicaragua,Latin America and Caribbean,2017,6.071000099
Nicaragua,Latin America and Caribbean,2018,6.141
Nicaragua,Latin America and Caribbean,2019,6.105
Nicaragua,Latin America and Caribbean,2020,6.13710022
Nicaragua,Latin America and Caribbean,2021,5.972099781
Nicaragua,Latin America and Caribbean,2022,6.164599895
Nicaragua,Latin America and Caribbean,2023,6.25880003
Nicaragua,Latin America and Caribbean,2024,6.283899784
Niger,Sub-Saharan Africa,2015,3.845
Niger,Sub-Saharan Africa,2016,3.856
Niger,Sub-Saharan Africa,2017,4.027999878
Niger,Sub-Saharan Africa,2018,4.166
Niger,Sub-Saharan Africa,2019,4.628
Niger,Sub-Saharan Africa,2020,4.909599781
Niger,Sub-Saharan Africa,2021,5.074100018
Niger,Sub-Saharan Africa,2022,5.003499985
Niger,Sub-Saharan Africa,2023,4.501299858
Niger,Sub-Saharan Africa,2024,4.556300163
Nigeria,Sub-Saharan Africa,2015,5.268
Nigeria,Sub-Saharan Africa,2016,4.875
Nigeria,Sub-Saharan Africa,2017,5.073999882
Nigeria,Sub-Saharan Africa,2018,5.155
Nigeria,Sub-Saharan Africa,2019,5.265
Nigeria,Sub-Saharan Africa,2020,4.724100113
Nigeria,Sub-Saharan Africa,2021,4.759300232
Nigeria,Sub-Saharan Africa,2022,4.552000046
Nigeria,Sub-Saharan Africa,2023,4.98059988
Nigeria,Sub-Saharan Africa,2024,4.88079977
North Macedonia,Central and Eastern Europe,2019,5.274
North Macedonia,Central and Eastern Europe,2020,5.159800053
North Macedonia,Central and Eastern Europe,2021,5.101200104
North Macedonia,Central and Eastern Europe,2022,5.198999882
North Macedonia,Central and Eastern Europe,2023,5.253600121
North Macedonia,Central and Eastern Europe,2024,5.369100094
Norway,Western Europe,2015,7.522
Norway,Western Europe,2016,7.498
Norway,Western Europe,2017,7.537000179
Norway,Western Europe,2018,7.594
Norway,Western Europe,2019,7.554
Norway,Western Europe,2020,7.487999916
Norway,Western Europe,2021,7.392499924
Norway,Western Europe,2022,7.365099907
Norway,Western Europe,2023,7.315499783
Norway,Western Europe,2024,7.301700115
Pakistan,South Asia,2015,5.194
Pakistan,South Asia,2016,5.132
Pakistan,South Asia,2017,5.269000053
Pakistan,South Asia,2018,5.472
Pakistan,South Asia,2019,5.653
Pakistan,South Asia,2020,5.69329977
Pakistan,South Asia,2021,4.934000015
Pakistan,South Asia,2022,4.515799999
Pakistan,South Asia,2023,4.555399895
Pakistan,South Asia,2024,4.656700134
Panama,Latin America and Caribbean,2015,6.786
Panama,Latin America and Caribbean,2016,6.701
Panama,Latin America and Caribbean,2017,6.452000141
Panama,Latin America and Caribbean,2018,6.43
Panama,Latin America and Caribbean,2019,6.321
Panama,Latin America and Caribbean,2020,6.304800034
Panama,Latin America and Caribbean,2021,6.179599762
Panama,Latin America and Caribbean,2022,6.309100151
Panama,Latin America and Caribbean,2023,6.264500141
Panama,Latin America and Caribbean,2024,6.358200073
Paraguay,Latin America and Caribbean,2015,5.878
Paraguay,Latin America and Caribbean,2016,5.538
Paraguay,Latin America and Caribbean,2017,5.493000031
Paraguay,Latin America and Caribbean,2018,5.681
Paraguay,Latin America and Caribbean,2019,5.743
Paraguay,Latin America and Caribbean,2020,5.692100048
Paraguay,Latin America and Caribbean,2021,5.652599812
Paraguay,Latin America and Caribbean,2022,5.578299999
Paraguay,Latin America and Caribbean,2023,5.737800121
Paraguay,Latin America and Caribbean,2024,5.976500034
Peru,Latin America and Caribbean,2015,5.824
Peru,Latin America and Caribbean,2016,5.743
Peru,Latin America and Caribbean,2017,5.715000153
Peru,Latin America and Caribbean,2018,5.663
Peru,Latin America and Caribbean,2019,5.697
Peru,Latin America and Caribbean,2020,5.796800137
Peru,Latin America and Caribbean,2021,5.839600086
Peru,Latin America and Caribbean,2022,5.559100151
Peru,Latin America and Caribbean,2023,5.525899887
Peru,Latin America and Caribbean,2024,5.840899944
Philippines,Southeast Asia,2015,5.073
Philippines,Southeast Asia,2016,5.279
Philippines,Southeast Asia,2017,5.429999828
Philippines,Southeast Asia,2018,5.524
Philippines,Southeast Asia,2019,5.631
Philippines,Southeast Asia,2020,6.006000042
Philippines,Southeast Asia,2021,5.880199909
Philippines,Southeast Asia,2022,5.903600216
Philippines,Southeast Asia,2023,5.522900105
Philippines,Southeast Asia,2024,6.047599792
Poland,Central and Eastern Europe,2015,5.791
Poland,Central and Eastern Europe,2016,5.835
Poland,Central and Eastern Europe,2017,5.97300005
Poland,Central and Eastern Europe,2018,6.123
Poland,Central and Eastern Europe,2019,6.182
Poland,Central and Eastern Europe,2020,6.186299801
Poland,Central and Eastern Europe,2021,6.166100025
Poland,Central and Eastern Europe,2022,6.122799873
Poland,Central and Eastern Europe,2023,6.259699821
Poland,Central and Eastern Europe,2024,6.441500187
Portugal,Western Europe,2015,5.102
Portugal,Western Europe,2016,5.123
Portugal,Western Europe,2017,5.195000172
Portugal,Western Europe,2018,5.41
Portugal,Western Europe,2019,5.693
Portugal,Western Europe,2020,5.910900116
Portugal,Western Europe,2021,5.928999901
Portugal,Western Europe,2022,6.016300201
Portugal,Western Europe,2023,5.967999935
Portugal,Western Europe,2024,6.029600143
Romania,Central and Eastern Europe,2015,5.124
Romania,Central and Eastern Europe,2016,5.528
Romania,Central and Eastern Europe,2017,5.824999809
Romania,Central and Eastern Europe,2018,5.945
Romania,Central and Eastern Europe,2019,6.07
Romania,Central and Eastern Europe,2020,6.123700142
Romania,Central and Eastern Europe,2021,6.139999866
Romania,Central and Eastern Europe,2022,6.477000237
Romania,Central and Eastern Europe,2023,6.589099884
Romania,Central and Eastern Europe,2024,6.49119997
Russia,Commonwealth of Independent States,2015,5.716
Russia,Commonwealth of Independent States,2016,5.856
Russia,Commonwealth of Independent States,2017,5.962999821
Russia,Commonwealth of Independent States,2018,5.81
Russia,Commonwealth of Independent States,2019,5.648
Russia,Commonwealth of Independent States,2020,5.546000004
Russia,Commonwealth of Independent States,2021,5.477200031
Russia,Commonwealth of Independent States,2022,5.458600044
Russia,Commonwealth of Independent States,2023,5.660699844
Russia,Commonwealth of Independent States,2024,5.785299778
Saudi Arabia,Middle East and North Africa,2015,6.411
Saudi Arabia,Middle East and North Africa,2016,6.379
Saudi Arabia,Middle East and North Africa,2017,6.343999863
Saudi Arabia,Middle East and North Africa,2018,6.371
Saudi Arabia,Middle East and North Africa,2019,6.375
Saudi Arabia,Middle East and North Africa,2020,6.406499863
Saudi Arabia,Middle East and North Africa,2021,6.493999958
Saudi Arabia,Middle East and North Africa,2022,6.522799969
Saudi Arabia,Middle East and North Africa,2023,6.462600231
Saudi Arabia,Middle East and North Africa,2024,6.593500137
Senegal,Sub-Saharan Africa,2015,3.904
Senegal,Sub-Saharan Africa,2016,4.219
Senegal,Sub-Saharan Africa,2017,4.534999847
Senegal,Sub-Saharan Africa,2018,4.631
Senegal,Sub-Saharan Africa,2019,4.681
Senegal,Sub-Saharan Africa,2020,4.980800152
Senegal,Sub-Saharan Africa,2021,5.131800175
Senegal,Sub-Saharan Africa,2022,5.04610014
Senegal,Sub-Saharan Africa,2023,4.855100155
Senegal,Sub-Saharan Africa,2024,4.968599796
Serbia,Central and Eastern Europe,2015,5.123
Serbia,Central and Eastern Europe,2016,5.177
Serbia,Central and Eastern Europe,2017,5.394999981
Serbia,Central and Eastern Europe,2018,5.398
Serbia,Central and Eastern Europe,2019,5.603
Serbia,Central and Eastern Europe,2020,5.77820015
Serbia,Central and Eastern Europe,2021,6.077899933
Serbia,Central and Eastern Europe,2022,6.177999973
Serbia,Central and Eastern Europe,2023,6.143599987
Serbia,Central and Eastern Europe,2024,6.41079998
Sierra Leone,Sub-Saharan Africa,2015,4.507
Sierra Leone,Sub-Saharan Africa,2016,4.635
Sierra Leone,Sub-Saharan Africa,2017,4.709000111
Sierra Leone,Sub-Saharan Africa,2018,4.571
Sierra Leone,Sub-Saharan Africa,2019,4.374
Sierra Leone,Sub-Saharan Africa,2020,3.926399946
Sierra Leone,Sub-Saharan Africa,2021,3.849400043
Sierra Leone,Sub-Saharan Africa,2022,3.573999882
Sierra Leone,Sub-Saharan Africa,2023,3.137599945
Sierra Leone,Sub-Saharan Africa,2024,3.245199919
Singapore,Southeast Asia,2015,6.798
Singapore,Southeast Asia,2016,6.739
Singapore,Southeast Asia,2017,6.572000027
Singapore,Southeast Asia,2018,6.343
Singapore,Southeast Asia,2019,6.262
Singapore,Southeast Asia,2020,6.377099991
Singapore,Southeast Asia,2021,6.37650013
Singapore,Southeast Asia,2022,6.480199814
Singapore,Southeast Asia,2023,6.586699963
Singapore,Southeast Asia,2024,6.522799969
Slovak Rep.,Central and Eastern Europe,2015,5.995
Slovak Rep.,Central and Eastern Europe,2016,6.078
Slovak Rep.,Central and Eastern Europe,2017,6.09800005
Slovak Rep.,Central and Eastern Europe,2018,6.173
Slovak Rep.,Central and Eastern Europe,2019,6.198
Slovak Rep.,Central and Eastern Europe,2020,6.280600071
Slovak Rep.,Central and Eastern Europe,2021,6.330900192
Slovak Rep.,Central and Eastern Europe,2022,6.390699863
Slovak Rep.,Central and Eastern Europe,2023,6.468599796
Slovak Rep.,Central and Eastern Europe,2024,6.257100105
Slovenia,Central and Eastern Europe,2015,5.848
Slovenia,Central and Eastern Europe,2016,5.768
Slovenia,Central and Eastern Europe,2017,5.757999897
Slovenia,Central and Eastern Europe,2018,5.948
Slovenia,Central and Eastern Europe,2019,6.118
Slovenia,Central and Eastern Europe,2020,6.363399982
Slovenia,Central and Eastern Europe,2021,6.460700035
Slovenia,Central and Eastern Europe,2022,6.630099773
Slovenia,Central and Eastern Europe,2023,6.64989996
Slovenia,Central and Eastern Europe,2024,6.743299961
South Africa,Sub-Saharan Africa,2015,4.642
South Africa,Sub-Saharan Africa,2016,4.459
South Africa,Sub-Saharan Africa,2017,4.828999996
South Africa,Sub-Saharan Africa,2018,4.724
South Africa,Sub-Saharan Africa,2019,4.722
South Africa,Sub-Saharan Africa,2020,4.814099789
South Africa,Sub-Saharan Africa,2021,4.956399918
South Africa,Sub-Saharan Africa,2022,5.193900108
South Africa,Sub-Saharan Africa,2023,5.274600029
South Africa,Sub-Saharan Africa,2024,5.421999931
Spain,Western Europe,2015,6.329
Spain,Western Europe,2016,6.361
Spain,Western Europe,2017,6.402999878
Spain,Western Europe,2018,6.31
Spain,Western Europe,2019,6.354
Spain,Western Europe,2020,6.400899887
Spain,Western Europe,2021,6.490699768
Spain,Western Europe,2022,6.476299763
Spain,Western Europe,2023,6.436200142
Spain,Western Europe,2024,6.420899868
Sri Lanka,South Asia,2015,4.271
Sri Lanka,South Asia,2016,4.415
Sri Lanka,South Asia,2017,4.440000057
Sri Lanka,South Asia,2018,4.471
Sri Lanka,South Asia,2019,4.366
Sri Lanka,South Asia,2020,4.327000141
Sri Lanka,South Asia,2021,4.324999809
Sri Lanka,South Asia,2022,4.362199783
Sri Lanka,South Asia,2023,4.441599846
Sri Lanka,South Asia,2024,3.898099899
Sweden,Western Europe,2015,7.364
Sweden,Western Europe,2016,7.291
Sweden,Western Europe,2017,7.28399992
Sweden,Western Europe,2018,7.314
Sweden,Western Europe,2019,7.343
Sweden,Western Europe,2020,7.353499889
Sweden,Western Europe,2021,7.362699986
Sweden,Western Europe,2022,7.384300232
Sweden,Western Europe,2023,7.395199776
Sweden,Western Europe,2024,7.344099998
Switzerland,Western Europe,2015,7.587
Switzerland,Western Europe,2016,7.509
Switzerland,Western Europe,2017,7.493999958
Switzerland,Western Europe,2018,7.487
Switzerland,Western Europe,2019,7.48
Switzerland,Western Europe,2020,7.559899807
Switzerland,Western Europe,2021,7.571499825
Switzerland,Western Europe,2022,7.511600018
Switzerland,Western Europe,2023,7.240099907
Switzerland,Western Europe,2024,7.060200214
Taiwan Province of China,East Asia,2017,6.421999931
Taiwan Province of China,East Asia,2020,6.45539999
Taiwan Province of China,East Asia,2021,6.584400177
Taiwan Province of China,East Asia,2022,6.512499809
Taiwan Province of China,East Asia,2023,6.535399914
Taiwan Province of China,East Asia,2024,6.503499985
Tanzania,Sub-Saharan Africa,2015,3.781
Tanzania,Sub-Saharan Africa,2016,3.666
Tanzania,Sub-Saharan Africa,2017,3.348999977
Tanzania,Sub-Saharan Africa,2018,3.303
Tanzania,Sub-Saharan Africa,2019,3.231
Tanzania,Sub-Saharan Africa,2020,3.476200104
Tanzania,Sub-Saharan Africa,2021,3.62319994
Tanzania,Sub-Saharan Africa,2022,3.702399969
Tanzania,Sub-Saharan Africa,2023,3.693799973
Tanzania,Sub-Saharan Africa,2024,3.780600071
Thailand,Southeast Asia,2015,6.455
Thailand,Southeast Asia,2016,6.474
Thailand,Southeast Asia,2017,6.423999786
Thailand,Southeast Asia,2018,6.072
Thailand,Southeast Asia,2019,6.008
Thailand,Southeast Asia,2020,5.998799801
Thailand,Southeast Asia,2021,5.984700203
Thailand,Southeast Asia,2022,5.891200066
Thailand,Southeast Asia,2023,5.842999935
Thailand,Southeast Asia,2024,5.976099968
Togo,Sub-Saharan Africa,2015,2.839
Togo,Sub-Saharan Africa,2016,3.303
Togo,Sub-Saharan Africa,2017,3.494999886
Togo,Sub-Saharan Africa,2018,3.999
Togo,Sub-Saharan Africa,2019,4.085
Togo,Sub-Saharan Africa,2020,4.187200069
Togo,Sub-Saharan Africa,2021,4.106800079
Togo,Sub-Saharan Africa,2022,4.112299919
Togo,Sub-Saharan Africa,2023,4.13740015
Togo,Sub-Saharan Africa,2024,4.214099884
Tunisia,Middle East and North Africa,2015,4.739
Tunisia,Middle East and North Africa,2016,5.045
Tunisia,Middle East and North Africa,2017,4.804999828
Tunisia,Middle East and North Africa,2018,4.592
Tunisia,Middle East and North Africa,2019,4.461
Tunisia,Middle East and North Africa,2020,4.392199993
Tunisia,Middle East and North Africa,2021,4.59649992
Tunisia,Middle East and North Africa,2022,4.515999794
Tunisia,Middle East and North Africa,2023,4.49669981
Tunisia,Middle East and North Africa,2024,4.421800137
Turkiye,Middle East and North Africa,2020,5.131800175
Turkiye,Middle East and North Africa,2021,4.947599888
Turkiye,Middle East and North Africa,2022,4.74420023
Turkiye,Middle East and North Africa,2023,4.613500118
Turkiye,Middle East and North Africa,2024,4.975299835
Uganda,Sub-Saharan Africa,2015,3.931
Uganda,Sub-Saharan Africa,2016,3.739
Uganda,Sub-Saharan Africa,2017,4.080999851
Uganda,Sub-Saharan Africa,2018,4.161
Uganda,Sub-Saharan Africa,2019,4.189
Uganda,Sub-Saharan Africa,2020,4.43200016
Uganda,Sub-Saharan Africa,2021,4.636499882
Uganda,Sub-Saharan Africa,2022,4.602600098
Uganda,Sub-Saharan Africa,2023,4.432499886
Uganda,Sub-Saharan Africa,2024,4.37169981
Ukraine,Commonwealth of Independent States,2015,4.681
Ukraine,Commonwealth of Independent States,2016,4.324
Ukraine,Commonwealth of Independent States,2017,4.096000195
Ukraine,Commonwealth of Independent States,2018,4.103
Ukraine,Commonwealth of Independent States,2019,4.332
Ukraine,Commonwealth of Independent States,2020,4.56069994
Ukraine,Commonwealth of Independent States,2021,4.874800205
Ukraine,Commonwealth of Independent States,2022,5.08409977
Ukraine,Commonwealth of Independent States,2023,5.071400166
Ukraine,Commonwealth of Independent States,2024,4.873000145
United Arab Emirates,Middle East and North Africa,2015,6.901
United Arab Emirates,Middle East and North Africa,2016,6.573
United Arab Emirates,Middle East and North Africa,2017,6.647999763
United Arab Emirates,Middle East and North Africa,2018,6.774
United Arab Emirates,Middle East and North Africa,2019,6.825
United Arab Emirates,Middle East and North Africa,2020,6.790800095
United Arab Emirates,Middle East and North Africa,2021,6.560500145
United Arab Emirates,Middle East and North Africa,2022,6.576000214
United Arab Emirates,Middle East and North Africa,2023,6.571199894
United Arab Emirates,Middle East and North Africa,2024,6.733099937
United Kingdom,Western Europe,2015,6.867
United Kingdom,Western Europe,2016,6.725
United Kingdom,Western Europe,2017,6.714000225
United Kingdom,Western Europe,2018,7.19
United Kingdom,Western Europe,2019,7.054
United Kingdom,Western Europe,2020,7.164500237
United Kingdom,Western Europe,2021,7.063600063
United Kingdom,Western Europe,2022,6.942500114
United Kingdom,Western Europe,2023,6.795599937
United Kingdom,Western Europe,2024,6.749000072
United States,North America and ANZ,2015,7.119
United States,North America and ANZ,2016,7.104
United States,North America and ANZ,2017,6.993000031
United States,North America and ANZ,2018,6.886
United States,North America and ANZ,2019,6.892
United States,North America and ANZ,2020,6.939599991
United States,North America and ANZ,2021,6.951499939
United States,North America and ANZ,2022,6.976799965
United States,North America and ANZ,2023,6.893700123
United States,North America and ANZ,2024,6.72480011
Uruguay,Latin America and Caribbean,2015,6.485
Uruguay,Latin America and Caribbean,2016,6.545
Uruguay,Latin America and Caribbean,2017,6.453999996
Uruguay,Latin America and Caribbean,2018,6.379
Uruguay,Latin America and Caribbean,2019,6.293
Uruguay,Latin America and Caribbean,2020,6.440100193
Uruguay,Latin America and Caribbean,2021,6.431399822
Uruguay,Latin America and Caribbean,2022,6.473599911
Uruguay,Latin America and Caribbean,2023,6.493899822
Uruguay,Latin America and Caribbean,2024,6.611499786
Uzbekistan,Commonwealth of Independent States,2015,6.003
Uzbekistan,Commonwealth of Independent States,2016,5.987
Uzbekistan,Commonwealth of Independent States,2017,5.971000195
Uzbekistan,Commonwealth of Independent States,2018,6.096
Uzbekistan,Commonwealth of Independent States,2019,6.174
Uzbekistan,Commonwealth of Independent States,2020,6.257599831
Uzbekistan,Commonwealth of Independent States,2021,6.178800106
Uzbekistan,Commonwealth of Independent States,2022,6.062699795
Uzbekistan,Commonwealth of Independent States,2023,6.01429987
Uzbekistan,Commonwealth of Independent States,2024,6.195000172
Venezuela,Latin America and Caribbean,2015,6.81
Venezuela,Latin America and Caribbean,2016,6.084
Venezuela,Latin America and Caribbean,2017,5.25
Venezuela,Latin America and Caribbean,2018,4.806
Venezuela,Latin America and Caribbean,2019,4.707
Venezuela,Latin America and Caribbean,2020,5.053199768
Venezuela,Latin America and Caribbean,2021,4.892199993
Venezuela,Latin America and Caribbean,2022,4.925499916
Venezuela,Latin America and Caribbean,2023,5.210599899
Venezuela,Latin America and Caribbean,2024,5.606699944
Vietnam,Southeast Asia,2015,5.36
Vietnam,Southeast Asia,2016,5.061
Vietnam,Southeast Asia,2017,5.073999882
Vietnam,Southeast Asia,2018,5.103
Vietnam,Southeast Asia,2019,5.175
Vietnam,Southeast Asia,2020,5.353499889
Vietnam,Southeast Asia,2021,5.41079998
Vietnam,Southeast Asia,2022,5.485000134
Vietnam,Southeast Asia,2023,5.763299942
Vietnam,Southeast Asia,2024,6.043000221
Zambia,Sub-Saharan Africa,2015,5.129
Zambia,Sub-Saharan Africa,2016,4.795
Zambia,Sub-Saharan Africa,2017,4.513999939
Zambia,Sub-Saharan Africa,2018,4.377
Zambia,Sub-Saharan Africa,2019,4.107
Zambia,Sub-Saharan Africa,2020,3.759399891
Zambia,Sub-Saharan Africa,2021,4.073400021
Zambia,Sub-Saharan Africa,2022,3.759799957
Zambia,Sub-Saharan Africa,2023,3.982199907
Zambia,Sub-Saharan Africa,2024,3.502399921
Zimbabwe,Sub-Saharan Africa,2015,4.61
Zimbabwe,Sub-Saharan Africa,2016,4.193
Zimbabwe,Sub-Saharan Africa,2017,3.875
Zimbabwe,Sub-Saharan Africa,2018,3.692
Zimbabwe,Sub-Saharan Africa,2019,3.663
Zimbabwe,Sub-Saharan Africa,2020,3.299200058
Zimbabwe,Sub-Saharan Africa,2021,3.144799948
Zimbabwe,Sub-Saharan Africa,2022,2.995100021
Zimbabwe,Sub-Saharan Africa,2023,3.203500032
Zimbabwe,Sub-Saharan Africa,2024,3.341099977
